mechanism,condition,type,wording,game,seat,d,pnl_jev,pnl_twin,goal_cards_start
A,neutral,neutral,none,0,0,-52.0,-94.0,-42.0,1
A,neutral,neutral,none,1,3,22.0,-43.0,-65.0,2
A,neutral,neutral,none,2,2,-112.0,-183.0,-71.0,3
A,neutral,neutral,none,3,1,75.0,16.0,-59.0,2
A,neutral,neutral,none,4,0,-48.0,-10.0,38.0,1
A,neutral,neutral,none,5,3,-208.0,-248.0,-40.0,1
A,neutral,neutral,none,6,2,-65.0,-92.0,-27.0,2
A,neutral,neutral,none,7,1,-201.0,-92.0,109.0,2
A,neutral,neutral,none,8,0,-105.0,122.0,227.0,2
A,neutral,neutral,none,9,3,12.0,-42.0,-54.0,2
A,neutral,neutral,none,10,2,187.0,-42.0,-229.0,1
A,neutral,neutral,none,11,1,-112.0,-77.0,35.0,3
A,neutral,neutral,none,12,0,-198.0,-84.0,114.0,2
A,neutral,neutral,none,13,3,-155.0,-154.0,1.0,3
A,neutral,neutral,none,14,2,-203.0,-79.0,124.0,2
A,neutral,neutral,none,15,1,-43.0,-146.0,-103.0,1
A,neutral,neutral,none,16,0,-355.0,-239.0,116.0,5
A,neutral,neutral,none,17,3,-159.0,-203.0,-44.0,2
A,neutral,neutral,none,18,2,-160.0,-81.0,79.0,2
A,neutral,neutral,none,19,1,-131.0,-93.0,38.0,2
A,neutral,neutral,none,20,0,35.0,-29.0,-64.0,1
A,neutral,neutral,none,21,3,24.0,-36.0,-60.0,3
A,neutral,neutral,none,22,2,-135.0,-72.0,63.0,4
A,neutral,neutral,none,23,1,-188.0,-25.0,163.0,0
A,neutral,neutral,none,24,0,-304.0,-174.0,130.0,1
A,neutral,neutral,none,25,3,-45.0,-116.0,-71.0,3
A,neutral,neutral,none,26,2,-236.0,-118.0,118.0,4
A,neutral,neutral,none,27,1,-125.0,-148.0,-23.0,2
A,neutral,neutral,none,28,0,-292.0,-337.0,-45.0,3
A,neutral,neutral,none,29,3,-225.0,-73.0,152.0,2
A,neutral,neutral,none,30,2,-91.0,-35.0,56.0,1
A,neutral,neutral,none,31,1,-124.0,33.0,157.0,3
A,neutral,neutral,none,32,0,-355.0,-255.0,100.0,3
A,neutral,neutral,none,33,3,-87.0,53.0,140.0,1
A,neutral,neutral,none,34,2,-23.0,-64.0,-41.0,1
A,neutral,neutral,none,35,1,-72.0,-123.0,-51.0,1
A,neutral,neutral,none,36,0,-186.0,-89.0,97.0,3
A,neutral,neutral,none,37,3,-169.0,-84.0,85.0,2
A,neutral,neutral,none,38,2,-128.0,-138.0,-10.0,2
A,neutral,neutral,none,39,1,-33.0,-93.0,-60.0,3
A,fundamentalist,fundamentalist,algorithm,0,0,-121.0,-163.0,-42.0,1
A,fundamentalist,fundamentalist,algorithm,1,3,-13.0,-78.0,-65.0,2
A,fundamentalist,fundamentalist,algorithm,2,2,-30.0,-101.0,-71.0,3
A,fundamentalist,fundamentalist,algorithm,3,1,-69.0,-128.0,-59.0,2
A,fundamentalist,fundamentalist,algorithm,4,0,-68.0,-30.0,38.0,1
A,fundamentalist,fundamentalist,algorithm,5,3,64.0,24.0,-40.0,1
A,fundamentalist,fundamentalist,algorithm,6,2,38.0,11.0,-27.0,2
A,fundamentalist,fundamentalist,algorithm,7,1,-25.0,84.0,109.0,2
A,fundamentalist,fundamentalist,algorithm,8,0,-326.0,-99.0,227.0,2
A,fundamentalist,fundamentalist,algorithm,9,3,-173.0,-227.0,-54.0,2
A,fundamentalist,fundamentalist,algorithm,10,2,144.0,-85.0,-229.0,1
A,fundamentalist,fundamentalist,algorithm,11,1,-112.0,-77.0,35.0,3
A,fundamentalist,fundamentalist,algorithm,12,0,-211.0,-97.0,114.0,2
A,fundamentalist,fundamentalist,algorithm,13,3,-36.0,-35.0,1.0,3
A,fundamentalist,fundamentalist,algorithm,14,2,-51.0,73.0,124.0,2
A,fundamentalist,fundamentalist,algorithm,15,1,37.0,-66.0,-103.0,1
A,fundamentalist,fundamentalist,algorithm,16,0,-22.0,94.0,116.0,5
A,fundamentalist,fundamentalist,algorithm,17,3,-176.0,-220.0,-44.0,2
A,fundamentalist,fundamentalist,algorithm,18,2,-194.0,-115.0,79.0,2
A,fundamentalist,fundamentalist,algorithm,19,1,-87.0,-49.0,38.0,2
A,fundamentalist,fundamentalist,algorithm,20,0,-105.0,-169.0,-64.0,1
A,fundamentalist,fundamentalist,algorithm,21,3,113.0,53.0,-60.0,3
A,fundamentalist,fundamentalist,algorithm,22,2,-191.0,-128.0,63.0,4
A,fundamentalist,fundamentalist,algorithm,23,1,-188.0,-25.0,163.0,0
A,fundamentalist,fundamentalist,algorithm,24,0,-467.0,-337.0,130.0,1
A,fundamentalist,fundamentalist,algorithm,25,3,92.0,21.0,-71.0,3
A,fundamentalist,fundamentalist,algorithm,26,2,-286.0,-168.0,118.0,4
A,fundamentalist,fundamentalist,algorithm,27,1,-192.0,-215.0,-23.0,2
A,fundamentalist,fundamentalist,algorithm,28,0,-19.0,-64.0,-45.0,3
A,fundamentalist,fundamentalist,algorithm,29,3,-242.0,-90.0,152.0,2
A,fundamentalist,fundamentalist,algorithm,30,2,-285.0,-229.0,56.0,1
A,fundamentalist,fundamentalist,algorithm,31,1,84.0,241.0,157.0,3
A,fundamentalist,fundamentalist,algorithm,32,0,-173.0,-73.0,100.0,3
A,fundamentalist,fundamentalist,algorithm,33,3,-313.0,-173.0,140.0,1
A,fundamentalist,fundamentalist,algorithm,34,2,-43.0,-84.0,-41.0,1
A,fundamentalist,fundamentalist,algorithm,35,1,-36.0,-87.0,-51.0,1
A,fundamentalist,fundamentalist,algorithm,36,0,-58.0,39.0,97.0,3
A,fundamentalist,fundamentalist,algorithm,37,3,-253.0,-168.0,85.0,2
A,fundamentalist,fundamentalist,algorithm,38,2,-286.0,-296.0,-10.0,2
A,fundamentalist,fundamentalist,algorithm,39,1,39.0,-21.0,-60.0,3
A,fundamentalist-desc,fundamentalist,behaviour,0,0,-91.0,-133.0,-42.0,1
A,fundamentalist-desc,fundamentalist,behaviour,1,3,-70.0,-135.0,-65.0,2
A,fundamentalist-desc,fundamentalist,behaviour,2,2,-2.0,-73.0,-71.0,3
A,fundamentalist-desc,fundamentalist,behaviour,3,1,-36.0,-95.0,-59.0,2
A,fundamentalist-desc,fundamentalist,behaviour,4,0,-28.0,10.0,38.0,1
A,fundamentalist-desc,fundamentalist,behaviour,5,3,-110.0,-150.0,-40.0,1
A,fundamentalist-desc,fundamentalist,behaviour,6,2,10.0,-17.0,-27.0,2
A,fundamentalist-desc,fundamentalist,behaviour,7,1,-262.0,-153.0,109.0,2
A,fundamentalist-desc,fundamentalist,behaviour,8,0,-284.0,-57.0,227.0,2
A,fundamentalist-desc,fundamentalist,behaviour,9,3,-1.0,-55.0,-54.0,2
A,fundamentalist-desc,fundamentalist,behaviour,10,2,160.0,-69.0,-229.0,1
A,fundamentalist-desc,fundamentalist,behaviour,11,1,-97.0,-62.0,35.0,3
A,fundamentalist-desc,fundamentalist,behaviour,12,0,-273.0,-159.0,114.0,2
A,fundamentalist-desc,fundamentalist,behaviour,13,3,-107.0,-106.0,1.0,3
A,fundamentalist-desc,fundamentalist,behaviour,14,2,-142.0,-18.0,124.0,2
A,fundamentalist-desc,fundamentalist,behaviour,15,1,57.0,-46.0,-103.0,1
A,fundamentalist-desc,fundamentalist,behaviour,16,0,-164.0,-48.0,116.0,5
A,fundamentalist-desc,fundamentalist,behaviour,17,3,-153.0,-197.0,-44.0,2
A,fundamentalist-desc,fundamentalist,behaviour,18,2,-11.0,68.0,79.0,2
A,fundamentalist-desc,fundamentalist,behaviour,19,1,-174.0,-136.0,38.0,2
A,fundamentalist-desc,fundamentalist,behaviour,20,0,-30.0,-94.0,-64.0,1
A,fundamentalist-desc,fundamentalist,behaviour,21,3,-97.0,-157.0,-60.0,3
A,fundamentalist-desc,fundamentalist,behaviour,22,2,-161.0,-98.0,63.0,4
A,fundamentalist-desc,fundamentalist,behaviour,23,1,-256.0,-93.0,163.0,0
A,fundamentalist-desc,fundamentalist,behaviour,24,0,-111.0,19.0,130.0,1
A,fundamentalist-desc,fundamentalist,behaviour,25,3,176.0,105.0,-71.0,3
A,fundamentalist-desc,fundamentalist,behaviour,26,2,-122.0,-4.0,118.0,4
A,fundamentalist-desc,fundamentalist,behaviour,27,1,-12.0,-35.0,-23.0,2
A,fundamentalist-desc,fundamentalist,behaviour,28,0,-80.0,-125.0,-45.0,3
A,fundamentalist-desc,fundamentalist,behaviour,29,3,-139.0,13.0,152.0,2
A,fundamentalist-desc,fundamentalist,behaviour,30,2,-117.0,-61.0,56.0,1
A,fundamentalist-desc,fundamentalist,behaviour,31,1,-217.0,-60.0,157.0,3
A,fundamentalist-desc,fundamentalist,behaviour,32,0,-33.0,67.0,100.0,3
A,fundamentalist-desc,fundamentalist,behaviour,33,3,-190.0,-50.0,140.0,1
A,fundamentalist-desc,fundamentalist,behaviour,34,2,-1.0,-42.0,-41.0,1
A,fundamentalist-desc,fundamentalist,behaviour,35,1,105.0,54.0,-51.0,1
A,fundamentalist-desc,fundamentalist,behaviour,36,0,-205.0,-108.0,97.0,3
A,fundamentalist-desc,fundamentalist,behaviour,37,3,-159.0,-74.0,85.0,2
A,fundamentalist-desc,fundamentalist,behaviour,38,2,-139.0,-149.0,-10.0,2
A,fundamentalist-desc,fundamentalist,behaviour,39,1,21.0,-39.0,-60.0,3
A,bottom_feeder,bottom_feeder,algorithm,0,0,-47.0,-76.0,-29.0,1
A,bottom_feeder,bottom_feeder,algorithm,1,3,42.0,9.0,-33.0,2
A,bottom_feeder,bottom_feeder,algorithm,2,2,-35.0,-60.0,-25.0,3
A,bottom_feeder,bottom_feeder,algorithm,3,1,-50.0,-82.0,-32.0,2
A,bottom_feeder,bottom_feeder,algorithm,4,0,190.0,140.0,-50.0,1
A,bottom_feeder,bottom_feeder,algorithm,5,3,-88.0,-113.0,-25.0,1
A,bottom_feeder,bottom_feeder,algorithm,6,2,-11.0,-38.0,-27.0,2
A,bottom_feeder,bottom_feeder,algorithm,7,1,14.0,-22.0,-36.0,2
A,bottom_feeder,bottom_feeder,algorithm,8,0,56.0,7.0,-49.0,2
A,bottom_feeder,bottom_feeder,algorithm,9,3,-4.0,-27.0,-23.0,2
A,bottom_feeder,bottom_feeder,algorithm,10,2,-130.0,-149.0,-19.0,1
A,bottom_feeder,bottom_feeder,algorithm,11,1,-13.0,-38.0,-25.0,3
A,bottom_feeder,bottom_feeder,algorithm,12,0,-41.0,-76.0,-35.0,2
A,bottom_feeder,bottom_feeder,algorithm,13,3,-82.0,5.0,87.0,3
A,bottom_feeder,bottom_feeder,algorithm,14,2,20.0,-31.0,-51.0,2
A,bottom_feeder,bottom_feeder,algorithm,15,1,-78.0,-105.0,-27.0,1
A,bottom_feeder,bottom_feeder,algorithm,16,0,-159.0,-40.0,119.0,5
A,bottom_feeder,bottom_feeder,algorithm,17,3,-20.0,-67.0,-47.0,2
A,bottom_feeder,bottom_feeder,algorithm,18,2,-167.0,-92.0,75.0,2
A,bottom_feeder,bottom_feeder,algorithm,19,1,-104.0,-133.0,-29.0,2
A,bottom_feeder,bottom_feeder,algorithm,20,0,-20.0,-37.0,-17.0,1
A,bottom_feeder,bottom_feeder,algorithm,21,3,-66.0,-78.0,-12.0,3
A,bottom_feeder,bottom_feeder,algorithm,22,2,-10.0,-28.0,-18.0,4
A,bottom_feeder,bottom_feeder,algorithm,23,1,-32.0,-78.0,-46.0,0
A,bottom_feeder,bottom_feeder,algorithm,24,0,-27.0,-91.0,-64.0,1
A,bottom_feeder,bottom_feeder,algorithm,25,3,26.0,-11.0,-37.0,3
A,bottom_feeder,bottom_feeder,algorithm,26,2,44.0,144.0,100.0,4
A,bottom_feeder,bottom_feeder,algorithm,27,1,-76.0,-81.0,-5.0,2
A,bottom_feeder,bottom_feeder,algorithm,28,0,-67.0,-98.0,-31.0,3
A,bottom_feeder,bottom_feeder,algorithm,29,3,-59.0,-68.0,-9.0,2
A,bottom_feeder,bottom_feeder,algorithm,30,2,-122.0,-129.0,-7.0,1
A,bottom_feeder,bottom_feeder,algorithm,31,1,-203.0,-104.0,99.0,3
A,bottom_feeder,bottom_feeder,algorithm,32,0,-31.0,-56.0,-25.0,3
A,bottom_feeder,bottom_feeder,algorithm,33,3,-41.0,-79.0,-38.0,1
A,bottom_feeder,bottom_feeder,algorithm,34,2,11.0,-46.0,-57.0,1
A,bottom_feeder,bottom_feeder,algorithm,35,1,-89.0,-65.0,24.0,1
A,bottom_feeder,bottom_feeder,algorithm,36,0,-133.0,-46.0,87.0,3
A,bottom_feeder,bottom_feeder,algorithm,37,3,-22.0,-41.0,-19.0,2
A,bottom_feeder,bottom_feeder,algorithm,38,2,44.0,2.0,-42.0,2
A,bottom_feeder,bottom_feeder,algorithm,39,1,-51.0,1.0,52.0,3
A,bottom_feeder-desc,bottom_feeder,behaviour,0,0,-9.0,-38.0,-29.0,1
A,bottom_feeder-desc,bottom_feeder,behaviour,1,3,9.0,-24.0,-33.0,2
A,bottom_feeder-desc,bottom_feeder,behaviour,2,2,17.0,-8.0,-25.0,3
A,bottom_feeder-desc,bottom_feeder,behaviour,3,1,178.0,146.0,-32.0,2
A,bottom_feeder-desc,bottom_feeder,behaviour,4,0,47.0,-3.0,-50.0,1
A,bottom_feeder-desc,bottom_feeder,behaviour,5,3,-51.0,-76.0,-25.0,1
A,bottom_feeder-desc,bottom_feeder,behaviour,6,2,90.0,63.0,-27.0,2
A,bottom_feeder-desc,bottom_feeder,behaviour,7,1,4.0,-32.0,-36.0,2
A,bottom_feeder-desc,bottom_feeder,behaviour,8,0,30.0,-19.0,-49.0,2
A,bottom_feeder-desc,bottom_feeder,behaviour,9,3,-19.0,-42.0,-23.0,2
A,bottom_feeder-desc,bottom_feeder,behaviour,10,2,-66.0,-85.0,-19.0,1
A,bottom_feeder-desc,bottom_feeder,behaviour,11,1,-23.0,-48.0,-25.0,3
A,bottom_feeder-desc,bottom_feeder,behaviour,12,0,12.0,-23.0,-35.0,2
A,bottom_feeder-desc,bottom_feeder,behaviour,13,3,-151.0,-64.0,87.0,3
A,bottom_feeder-desc,bottom_feeder,behaviour,14,2,92.0,41.0,-51.0,2
A,bottom_feeder-desc,bottom_feeder,behaviour,15,1,11.0,-16.0,-27.0,1
A,bottom_feeder-desc,bottom_feeder,behaviour,16,0,-6.0,113.0,119.0,5
A,bottom_feeder-desc,bottom_feeder,behaviour,17,3,32.0,-15.0,-47.0,2
A,bottom_feeder-desc,bottom_feeder,behaviour,18,2,22.0,97.0,75.0,2
A,bottom_feeder-desc,bottom_feeder,behaviour,19,1,-37.0,-66.0,-29.0,2
A,bottom_feeder-desc,bottom_feeder,behaviour,20,0,-17.0,-34.0,-17.0,1
A,bottom_feeder-desc,bottom_feeder,behaviour,21,3,-18.0,-30.0,-12.0,3
A,bottom_feeder-desc,bottom_feeder,behaviour,22,2,8.0,-10.0,-18.0,4
A,bottom_feeder-desc,bottom_feeder,behaviour,23,1,25.0,-21.0,-46.0,0
A,bottom_feeder-desc,bottom_feeder,behaviour,24,0,164.0,100.0,-64.0,1
A,bottom_feeder-desc,bottom_feeder,behaviour,25,3,54.0,17.0,-37.0,3
A,bottom_feeder-desc,bottom_feeder,behaviour,26,2,69.0,169.0,100.0,4
A,bottom_feeder-desc,bottom_feeder,behaviour,27,1,-39.0,-44.0,-5.0,2
A,bottom_feeder-desc,bottom_feeder,behaviour,28,0,16.0,-15.0,-31.0,3
A,bottom_feeder-desc,bottom_feeder,behaviour,29,3,6.0,-3.0,-9.0,2
A,bottom_feeder-desc,bottom_feeder,behaviour,30,2,-39.0,-46.0,-7.0,1
A,bottom_feeder-desc,bottom_feeder,behaviour,31,1,23.0,122.0,99.0,3
A,bottom_feeder-desc,bottom_feeder,behaviour,32,0,-3.0,-28.0,-25.0,3
A,bottom_feeder-desc,bottom_feeder,behaviour,33,3,-215.0,-253.0,-38.0,1
A,bottom_feeder-desc,bottom_feeder,behaviour,34,2,1.0,-56.0,-57.0,1
A,bottom_feeder-desc,bottom_feeder,behaviour,35,1,235.0,259.0,24.0,1
A,bottom_feeder-desc,bottom_feeder,behaviour,36,0,-17.0,70.0,87.0,3
A,bottom_feeder-desc,bottom_feeder,behaviour,37,3,-41.0,-60.0,-19.0,2
A,bottom_feeder-desc,bottom_feeder,behaviour,38,2,-76.0,-118.0,-42.0,2
A,bottom_feeder-desc,bottom_feeder,behaviour,39,1,4.0,56.0,52.0,3
A,chartist,chartist,algorithm,0,0,9.0,-56.0,-65.0,1
A,chartist,chartist,algorithm,1,3,88.0,52.0,-36.0,2
A,chartist,chartist,algorithm,2,2,-131.0,-31.0,100.0,3
A,chartist,chartist,algorithm,3,1,30.0,-25.0,-55.0,2
A,chartist,chartist,algorithm,4,0,-8.0,-57.0,-49.0,1
A,chartist,chartist,algorithm,5,3,-56.0,-125.0,-69.0,1
A,chartist,chartist,algorithm,6,2,-53.0,-59.0,-6.0,2
A,chartist,chartist,algorithm,7,1,110.0,71.0,-39.0,2
A,chartist,chartist,algorithm,8,0,48.0,14.0,-34.0,2
A,chartist,chartist,algorithm,9,3,-13.0,-17.0,-4.0,2
A,chartist,chartist,algorithm,10,2,-187.0,-254.0,-67.0,1
A,chartist,chartist,algorithm,11,1,38.0,-29.0,-67.0,3
A,chartist,chartist,algorithm,12,0,-78.0,-103.0,-25.0,2
A,chartist,chartist,algorithm,13,3,-106.0,-25.0,81.0,3
A,chartist,chartist,algorithm,14,2,-36.0,-89.0,-53.0,2
A,chartist,chartist,algorithm,15,1,38.0,-58.0,-96.0,1
A,chartist,chartist,algorithm,16,0,-40.0,40.0,80.0,5
A,chartist,chartist,algorithm,17,3,-15.0,-60.0,-45.0,2
A,chartist,chartist,algorithm,18,2,192.0,91.0,-101.0,2
A,chartist,chartist,algorithm,19,1,-138.0,-104.0,34.0,2
A,chartist,chartist,algorithm,20,0,39.0,-42.0,-81.0,1
A,chartist,chartist,algorithm,21,3,-99.0,-119.0,-20.0,3
A,chartist,chartist,algorithm,22,2,-14.0,-34.0,-20.0,4
A,chartist,chartist,algorithm,23,1,54.0,-68.0,-122.0,0
A,chartist,chartist,algorithm,24,0,23.0,-46.0,-69.0,1
A,chartist,chartist,algorithm,25,3,65.0,26.0,-39.0,3
A,chartist,chartist,algorithm,26,2,-75.0,-117.0,-42.0,4
A,chartist,chartist,algorithm,27,1,-17.0,-55.0,-38.0,2
A,chartist,chartist,algorithm,28,0,3.0,-19.0,-22.0,3
A,chartist,chartist,algorithm,29,3,12.0,-19.0,-31.0,2
A,chartist,chartist,algorithm,30,2,37.0,-23.0,-60.0,1
A,chartist,chartist,algorithm,31,1,-95.0,-89.0,6.0,3
A,chartist,chartist,algorithm,32,0,-107.0,-130.0,-23.0,3
A,chartist,chartist,algorithm,33,3,-32.0,-57.0,-25.0,1
A,chartist,chartist,algorithm,34,2,34.0,-24.0,-58.0,1
A,chartist,chartist,algorithm,35,1,27.0,-21.0,-48.0,1
A,chartist,chartist,algorithm,36,0,10.0,116.0,106.0,3
A,chartist,chartist,algorithm,37,3,26.0,-18.0,-44.0,2
A,chartist,chartist,algorithm,38,2,-76.0,-130.0,-54.0,2
A,chartist,chartist,algorithm,39,1,142.0,-7.0,-149.0,3
A,chartist-desc,chartist,behaviour,0,0,48.0,-17.0,-65.0,1
A,chartist-desc,chartist,behaviour,1,3,49.0,13.0,-36.0,2
A,chartist-desc,chartist,behaviour,2,2,-22.0,78.0,100.0,3
A,chartist-desc,chartist,behaviour,3,1,13.0,-42.0,-55.0,2
A,chartist-desc,chartist,behaviour,4,0,38.0,-11.0,-49.0,1
A,chartist-desc,chartist,behaviour,5,3,26.0,-43.0,-69.0,1
A,chartist-desc,chartist,behaviour,6,2,-46.0,-52.0,-6.0,2
A,chartist-desc,chartist,behaviour,7,1,-63.0,-102.0,-39.0,2
A,chartist-desc,chartist,behaviour,8,0,66.0,32.0,-34.0,2
A,chartist-desc,chartist,behaviour,9,3,-60.0,-64.0,-4.0,2
A,chartist-desc,chartist,behaviour,10,2,-93.0,-160.0,-67.0,1
A,chartist-desc,chartist,behaviour,11,1,21.0,-46.0,-67.0,3
A,chartist-desc,chartist,behaviour,12,0,-65.0,-90.0,-25.0,2
A,chartist-desc,chartist,behaviour,13,3,-45.0,36.0,81.0,3
A,chartist-desc,chartist,behaviour,14,2,13.0,-40.0,-53.0,2
A,chartist-desc,chartist,behaviour,15,1,58.0,-38.0,-96.0,1
A,chartist-desc,chartist,behaviour,16,0,-42.0,38.0,80.0,5
A,chartist-desc,chartist,behaviour,17,3,16.0,-29.0,-45.0,2
A,chartist-desc,chartist,behaviour,18,2,-22.0,-123.0,-101.0,2
A,chartist-desc,chartist,behaviour,19,1,-171.0,-137.0,34.0,2
A,chartist-desc,chartist,behaviour,20,0,-50.0,-131.0,-81.0,1
A,chartist-desc,chartist,behaviour,21,3,-195.0,-215.0,-20.0,3
A,chartist-desc,chartist,behaviour,22,2,-83.0,-103.0,-20.0,4
A,chartist-desc,chartist,behaviour,23,1,67.0,-55.0,-122.0,0
A,chartist-desc,chartist,behaviour,24,0,102.0,33.0,-69.0,1
A,chartist-desc,chartist,behaviour,25,3,8.0,-31.0,-39.0,3
A,chartist-desc,chartist,behaviour,26,2,-40.0,-82.0,-42.0,4
A,chartist-desc,chartist,behaviour,27,1,-128.0,-166.0,-38.0,2
A,chartist-desc,chartist,behaviour,28,0,-33.0,-55.0,-22.0,3
A,chartist-desc,chartist,behaviour,29,3,-71.0,-102.0,-31.0,2
A,chartist-desc,chartist,behaviour,30,2,-126.0,-186.0,-60.0,1
A,chartist-desc,chartist,behaviour,31,1,-226.0,-220.0,6.0,3
A,chartist-desc,chartist,behaviour,32,0,234.0,211.0,-23.0,3
A,chartist-desc,chartist,behaviour,33,3,-26.0,-51.0,-25.0,1
A,chartist-desc,chartist,behaviour,34,2,-27.0,-85.0,-58.0,1
A,chartist-desc,chartist,behaviour,35,1,-51.0,-99.0,-48.0,1
A,chartist-desc,chartist,behaviour,36,0,-79.0,27.0,106.0,3
A,chartist-desc,chartist,behaviour,37,3,-121.0,-165.0,-44.0,2
A,chartist-desc,chartist,behaviour,38,2,-124.0,-178.0,-54.0,2
A,chartist-desc,chartist,behaviour,39,1,169.0,20.0,-149.0,3
A,noise,noise,algorithm,0,0,-170.0,-228.0,-58.0,1
A,noise,noise,algorithm,1,3,-29.0,-64.0,-35.0,2
A,noise,noise,algorithm,2,2,-11.0,-41.0,-30.0,3
A,noise,noise,algorithm,3,1,115.0,88.0,-27.0,2
A,noise,noise,algorithm,4,0,133.0,109.0,-24.0,1
A,noise,noise,algorithm,5,3,-154.0,-182.0,-28.0,1
A,noise,noise,algorithm,6,2,-157.0,-180.0,-23.0,2
A,noise,noise,algorithm,7,1,10.0,-25.0,-35.0,2
A,noise,noise,algorithm,8,0,-51.0,-88.0,-37.0,2
A,noise,noise,algorithm,9,3,-54.0,-74.0,-20.0,2
A,noise,noise,algorithm,10,2,-67.0,-68.0,-1.0,1
A,noise,noise,algorithm,11,1,-51.0,-96.0,-45.0,3
A,noise,noise,algorithm,12,0,-22.0,-37.0,-15.0,2
A,noise,noise,algorithm,13,3,48.0,1.0,-47.0,3
A,noise,noise,algorithm,14,2,-110.0,-101.0,9.0,2
A,noise,noise,algorithm,15,1,-282.0,-163.0,119.0,1
A,noise,noise,algorithm,16,0,30.0,-15.0,-45.0,5
A,noise,noise,algorithm,17,3,81.0,44.0,-37.0,2
A,noise,noise,algorithm,18,2,19.0,-24.0,-43.0,2
A,noise,noise,algorithm,19,1,4.0,-47.0,-51.0,2
A,noise,noise,algorithm,20,0,-56.0,-142.0,-86.0,1
A,noise,noise,algorithm,21,3,-20.0,-20.0,0.0,3
A,noise,noise,algorithm,22,2,-107.0,-123.0,-16.0,4
A,noise,noise,algorithm,23,1,189.0,132.0,-57.0,0
A,noise,noise,algorithm,24,0,-8.0,-61.0,-53.0,1
A,noise,noise,algorithm,25,3,12.0,-37.0,-49.0,3
A,noise,noise,algorithm,26,2,52.0,16.0,-36.0,4
A,noise,noise,algorithm,27,1,-36.0,-69.0,-33.0,2
A,noise,noise,algorithm,28,0,-31.0,-75.0,-44.0,3
A,noise,noise,algorithm,29,3,31.0,-58.0,-89.0,2
A,noise,noise,algorithm,30,2,170.0,112.0,-58.0,1
A,noise,noise,algorithm,31,1,-88.0,-120.0,-32.0,3
A,noise,noise,algorithm,32,0,49.0,2.0,-47.0,3
A,noise,noise,algorithm,33,3,103.0,59.0,-44.0,1
A,noise,noise,algorithm,34,2,-85.0,-98.0,-13.0,1
A,noise,noise,algorithm,35,1,-58.0,-57.0,1.0,1
A,noise,noise,algorithm,36,0,71.0,35.0,-36.0,3
A,noise,noise,algorithm,37,3,-50.0,-90.0,-40.0,2
A,noise,noise,algorithm,38,2,36.0,1.0,-35.0,2
A,noise,noise,algorithm,39,1,27.0,-24.0,-51.0,3
A,noise-desc,noise,behaviour,0,0,-149.0,-207.0,-58.0,1
A,noise-desc,noise,behaviour,1,3,-138.0,-173.0,-35.0,2
A,noise-desc,noise,behaviour,2,2,-80.0,-110.0,-30.0,3
A,noise-desc,noise,behaviour,3,1,-117.0,-144.0,-27.0,2
A,noise-desc,noise,behaviour,4,0,-55.0,-79.0,-24.0,1
A,noise-desc,noise,behaviour,5,3,-43.0,-71.0,-28.0,1
A,noise-desc,noise,behaviour,6,2,-9.0,-32.0,-23.0,2
A,noise-desc,noise,behaviour,7,1,-23.0,-58.0,-35.0,2
A,noise-desc,noise,behaviour,8,0,28.0,-9.0,-37.0,2
A,noise-desc,noise,behaviour,9,3,-169.0,-189.0,-20.0,2
A,noise-desc,noise,behaviour,10,2,24.0,23.0,-1.0,1
A,noise-desc,noise,behaviour,11,1,-44.0,-89.0,-45.0,3
A,noise-desc,noise,behaviour,12,0,-64.0,-79.0,-15.0,2
A,noise-desc,noise,behaviour,13,3,-39.0,-86.0,-47.0,3
A,noise-desc,noise,behaviour,14,2,-126.0,-117.0,9.0,2
A,noise-desc,noise,behaviour,15,1,-271.0,-152.0,119.0,1
A,noise-desc,noise,behaviour,16,0,11.0,-34.0,-45.0,5
A,noise-desc,noise,behaviour,17,3,100.0,63.0,-37.0,2
A,noise-desc,noise,behaviour,18,2,78.0,35.0,-43.0,2
A,noise-desc,noise,behaviour,19,1,-32.0,-83.0,-51.0,2
A,noise-desc,noise,behaviour,20,0,158.0,72.0,-86.0,1
A,noise-desc,noise,behaviour,21,3,-117.0,-117.0,0.0,3
A,noise-desc,noise,behaviour,22,2,-222.0,-238.0,-16.0,4
A,noise-desc,noise,behaviour,23,1,106.0,49.0,-57.0,0
A,noise-desc,noise,behaviour,24,0,-25.0,-78.0,-53.0,1
A,noise-desc,noise,behaviour,25,3,-40.0,-89.0,-49.0,3
A,noise-desc,noise,behaviour,26,2,-49.0,-85.0,-36.0,4
A,noise-desc,noise,behaviour,27,1,-20.0,-53.0,-33.0,2
A,noise-desc,noise,behaviour,28,0,28.0,-16.0,-44.0,3
A,noise-desc,noise,behaviour,29,3,308.0,219.0,-89.0,2
A,noise-desc,noise,behaviour,30,2,34.0,-24.0,-58.0,1
A,noise-desc,noise,behaviour,31,1,-177.0,-209.0,-32.0,3
A,noise-desc,noise,behaviour,32,0,-73.0,-120.0,-47.0,3
A,noise-desc,noise,behaviour,33,3,115.0,71.0,-44.0,1
A,noise-desc,noise,behaviour,34,2,-119.0,-132.0,-13.0,1
A,noise-desc,noise,behaviour,35,1,104.0,105.0,1.0,1
A,noise-desc,noise,behaviour,36,0,-26.0,-62.0,-36.0,3
A,noise-desc,noise,behaviour,37,3,81.0,41.0,-40.0,2
A,noise-desc,noise,behaviour,38,2,-79.0,-114.0,-35.0,2
A,noise-desc,noise,behaviour,39,1,8.0,-43.0,-51.0,3
A,market_maker_gm,market_maker_gm,algorithm,0,0,2.0,-29.0,-31.0,1
A,market_maker_gm,market_maker_gm,algorithm,1,3,-1.0,-34.0,-33.0,2
A,market_maker_gm,market_maker_gm,algorithm,2,2,-80.0,-20.0,60.0,3
A,market_maker_gm,market_maker_gm,algorithm,3,1,-24.0,-42.0,-18.0,2
A,market_maker_gm,market_maker_gm,algorithm,4,0,177.0,150.0,-27.0,1
A,market_maker_gm,market_maker_gm,algorithm,5,3,18.0,-22.0,-40.0,1
A,market_maker_gm,market_maker_gm,algorithm,6,2,24.0,6.0,-18.0,2
A,market_maker_gm,market_maker_gm,algorithm,7,1,0.0,-7.0,-7.0,2
A,market_maker_gm,market_maker_gm,algorithm,8,0,-66.0,-24.0,42.0,2
A,market_maker_gm,market_maker_gm,algorithm,9,3,-2.0,-15.0,-13.0,2
A,market_maker_gm,market_maker_gm,algorithm,10,2,-61.0,-82.0,-21.0,1
A,market_maker_gm,market_maker_gm,algorithm,11,1,-44.0,-55.0,-11.0,3
A,market_maker_gm,market_maker_gm,algorithm,12,0,-80.0,-83.0,-3.0,2
A,market_maker_gm,market_maker_gm,algorithm,13,3,-3.0,-5.0,-2.0,3
A,market_maker_gm,market_maker_gm,algorithm,14,2,33.0,18.0,-15.0,2
A,market_maker_gm,market_maker_gm,algorithm,15,1,6.0,7.0,1.0,1
A,market_maker_gm,market_maker_gm,algorithm,16,0,-20.0,93.0,113.0,5
A,market_maker_gm,market_maker_gm,algorithm,17,3,2.0,-25.0,-27.0,2
A,market_maker_gm,market_maker_gm,algorithm,18,2,31.0,17.0,-14.0,2
A,market_maker_gm,market_maker_gm,algorithm,19,1,12.0,-15.0,-27.0,2
A,market_maker_gm,market_maker_gm,algorithm,20,0,23.0,-6.0,-29.0,1
A,market_maker_gm,market_maker_gm,algorithm,21,3,-1.0,-8.0,-7.0,3
A,market_maker_gm,market_maker_gm,algorithm,22,2,-54.0,-21.0,33.0,4
A,market_maker_gm,market_maker_gm,algorithm,23,1,-71.0,-51.0,20.0,0
A,market_maker_gm,market_maker_gm,algorithm,24,0,-30.0,-30.0,0.0,1
A,market_maker_gm,market_maker_gm,algorithm,25,3,0.0,-14.0,-14.0,3
A,market_maker_gm,market_maker_gm,algorithm,26,2,23.0,7.0,-16.0,4
A,market_maker_gm,market_maker_gm,algorithm,27,1,-44.0,-70.0,-26.0,2
A,market_maker_gm,market_maker_gm,algorithm,28,0,-17.0,-26.0,-9.0,3
A,market_maker_gm,market_maker_gm,algorithm,29,3,10.0,-15.0,-25.0,2
A,market_maker_gm,market_maker_gm,algorithm,30,2,16.0,-22.0,-38.0,1
A,market_maker_gm,market_maker_gm,algorithm,31,1,-87.0,21.0,108.0,3
A,market_maker_gm,market_maker_gm,algorithm,32,0,12.0,-6.0,-18.0,3
A,market_maker_gm,market_maker_gm,algorithm,33,3,13.0,-8.0,-21.0,1
A,market_maker_gm,market_maker_gm,algorithm,34,2,7.0,-40.0,-47.0,1
A,market_maker_gm,market_maker_gm,algorithm,35,1,17.0,-15.0,-32.0,1
A,market_maker_gm,market_maker_gm,algorithm,36,0,-23.0,-46.0,-23.0,3
A,market_maker_gm,market_maker_gm,algorithm,37,3,-7.0,-19.0,-12.0,2
A,market_maker_gm,market_maker_gm,algorithm,38,2,-111.0,-120.0,-9.0,2
A,market_maker_gm,market_maker_gm,algorithm,39,1,7.0,-18.0,-25.0,3
A,market_maker_gm-desc,market_maker_gm,behaviour,0,0,10.0,-21.0,-31.0,1
A,market_maker_gm-desc,market_maker_gm,behaviour,1,3,-100.0,-133.0,-33.0,2
A,market_maker_gm-desc,market_maker_gm,behaviour,2,2,-113.0,-53.0,60.0,3
A,market_maker_gm-desc,market_maker_gm,behaviour,3,1,9.0,-9.0,-18.0,2
A,market_maker_gm-desc,market_maker_gm,behaviour,4,0,22.0,-5.0,-27.0,1
A,market_maker_gm-desc,market_maker_gm,behaviour,5,3,113.0,73.0,-40.0,1
A,market_maker_gm-desc,market_maker_gm,behaviour,6,2,-16.0,-34.0,-18.0,2
A,market_maker_gm-desc,market_maker_gm,behaviour,7,1,0.0,-7.0,-7.0,2
A,market_maker_gm-desc,market_maker_gm,behaviour,8,0,-72.0,-30.0,42.0,2
A,market_maker_gm-desc,market_maker_gm,behaviour,9,3,95.0,82.0,-13.0,2
A,market_maker_gm-desc,market_maker_gm,behaviour,10,2,-7.0,-28.0,-21.0,1
A,market_maker_gm-desc,market_maker_gm,behaviour,11,1,14.0,3.0,-11.0,3
A,market_maker_gm-desc,market_maker_gm,behaviour,12,0,-206.0,-209.0,-3.0,2
A,market_maker_gm-desc,market_maker_gm,behaviour,13,3,-31.0,-33.0,-2.0,3
A,market_maker_gm-desc,market_maker_gm,behaviour,14,2,26.0,11.0,-15.0,2
A,market_maker_gm-desc,market_maker_gm,behaviour,15,1,-35.0,-34.0,1.0,1
A,market_maker_gm-desc,market_maker_gm,behaviour,16,0,-23.0,90.0,113.0,5
A,market_maker_gm-desc,market_maker_gm,behaviour,17,3,147.0,120.0,-27.0,2
A,market_maker_gm-desc,market_maker_gm,behaviour,18,2,-22.0,-36.0,-14.0,2
A,market_maker_gm-desc,market_maker_gm,behaviour,19,1,9.0,-18.0,-27.0,2
A,market_maker_gm-desc,market_maker_gm,behaviour,20,0,-36.0,-65.0,-29.0,1
A,market_maker_gm-desc,market_maker_gm,behaviour,21,3,4.0,-3.0,-7.0,3
A,market_maker_gm-desc,market_maker_gm,behaviour,22,2,-59.0,-26.0,33.0,4
A,market_maker_gm-desc,market_maker_gm,behaviour,23,1,-29.0,-9.0,20.0,0
A,market_maker_gm-desc,market_maker_gm,behaviour,24,0,-13.0,-13.0,0.0,1
A,market_maker_gm-desc,market_maker_gm,behaviour,25,3,85.0,71.0,-14.0,3
A,market_maker_gm-desc,market_maker_gm,behaviour,26,2,18.0,2.0,-16.0,4
A,market_maker_gm-desc,market_maker_gm,behaviour,27,1,10.0,-16.0,-26.0,2
A,market_maker_gm-desc,market_maker_gm,behaviour,28,0,-19.0,-28.0,-9.0,3
A,market_maker_gm-desc,market_maker_gm,behaviour,29,3,-52.0,-77.0,-25.0,2
A,market_maker_gm-desc,market_maker_gm,behaviour,30,2,1.0,-37.0,-38.0,1
A,market_maker_gm-desc,market_maker_gm,behaviour,31,1,-237.0,-129.0,108.0,3
A,market_maker_gm-desc,market_maker_gm,behaviour,32,0,17.0,-1.0,-18.0,3
A,market_maker_gm-desc,market_maker_gm,behaviour,33,3,-14.0,-35.0,-21.0,1
A,market_maker_gm-desc,market_maker_gm,behaviour,34,2,2.0,-45.0,-47.0,1
A,market_maker_gm-desc,market_maker_gm,behaviour,35,1,22.0,-10.0,-32.0,1
A,market_maker_gm-desc,market_maker_gm,behaviour,36,0,-16.0,-39.0,-23.0,3
A,market_maker_gm-desc,market_maker_gm,behaviour,37,3,-49.0,-61.0,-12.0,2
A,market_maker_gm-desc,market_maker_gm,behaviour,38,2,-1.0,-10.0,-9.0,2
A,market_maker_gm-desc,market_maker_gm,behaviour,39,1,13.0,-12.0,-25.0,3
A,market_maker_as,market_maker_as,algorithm,0,0,2.0,-34.0,-36.0,1
A,market_maker_as,market_maker_as,algorithm,1,3,-16.0,-50.0,-34.0,2
A,market_maker_as,market_maker_as,algorithm,2,2,-14.0,113.0,127.0,3
A,market_maker_as,market_maker_as,algorithm,3,1,8.0,-30.0,-38.0,2
A,market_maker_as,market_maker_as,algorithm,4,0,18.0,-37.0,-55.0,1
A,market_maker_as,market_maker_as,algorithm,5,3,-9.0,-50.0,-41.0,1
A,market_maker_as,market_maker_as,algorithm,6,2,20.0,-6.0,-26.0,2
A,market_maker_as,market_maker_as,algorithm,7,1,20.0,-5.0,-25.0,2
A,market_maker_as,market_maker_as,algorithm,8,0,183.0,173.0,-10.0,2
A,market_maker_as,market_maker_as,algorithm,9,3,28.0,-2.0,-30.0,2
A,market_maker_as,market_maker_as,algorithm,10,2,-8.0,-49.0,-41.0,1
A,market_maker_as,market_maker_as,algorithm,11,1,-28.0,-17.0,11.0,3
A,market_maker_as,market_maker_as,algorithm,12,0,67.0,27.0,-40.0,2
A,market_maker_as,market_maker_as,algorithm,13,3,-106.0,-7.0,99.0,3
A,market_maker_as,market_maker_as,algorithm,14,2,54.0,36.0,-18.0,2
A,market_maker_as,market_maker_as,algorithm,15,1,73.0,34.0,-39.0,1
A,market_maker_as,market_maker_as,algorithm,16,0,108.0,105.0,-3.0,5
A,market_maker_as,market_maker_as,algorithm,17,3,34.0,23.0,-11.0,2
A,market_maker_as,market_maker_as,algorithm,18,2,-17.0,-102.0,-85.0,2
A,market_maker_as,market_maker_as,algorithm,19,1,8.0,-13.0,-21.0,2
A,market_maker_as,market_maker_as,algorithm,20,0,-99.0,3.0,102.0,1
A,market_maker_as,market_maker_as,algorithm,21,3,-26.0,17.0,43.0,3
A,market_maker_as,market_maker_as,algorithm,22,2,11.0,12.0,1.0,4
A,market_maker_as,market_maker_as,algorithm,23,1,31.0,0.0,-31.0,0
A,market_maker_as,market_maker_as,algorithm,24,0,102.0,-19.0,-121.0,1
A,market_maker_as,market_maker_as,algorithm,25,3,-6.0,-11.0,-5.0,3
A,market_maker_as,market_maker_as,algorithm,26,2,-40.0,39.0,79.0,4
A,market_maker_as,market_maker_as,algorithm,27,1,-19.0,-56.0,-37.0,2
A,market_maker_as,market_maker_as,algorithm,28,0,-60.0,-62.0,-2.0,3
A,market_maker_as,market_maker_as,algorithm,29,3,-91.0,-105.0,-14.0,2
A,market_maker_as,market_maker_as,algorithm,30,2,30.0,14.0,-16.0,1
A,market_maker_as,market_maker_as,algorithm,31,1,-59.0,-11.0,48.0,3
A,market_maker_as,market_maker_as,algorithm,32,0,-6.0,-28.0,-22.0,3
A,market_maker_as,market_maker_as,algorithm,33,3,-39.0,-75.0,-36.0,1
A,market_maker_as,market_maker_as,algorithm,34,2,24.0,-50.0,-74.0,1
A,market_maker_as,market_maker_as,algorithm,35,1,53.0,1.0,-52.0,1
A,market_maker_as,market_maker_as,algorithm,36,0,-102.0,-10.0,92.0,3
A,market_maker_as,market_maker_as,algorithm,37,3,-26.0,-45.0,-19.0,2
A,market_maker_as,market_maker_as,algorithm,38,2,40.0,-12.0,-52.0,2
A,market_maker_as,market_maker_as,algorithm,39,1,22.0,-4.0,-26.0,3
A,market_maker_as-desc,market_maker_as,behaviour,0,0,12.0,-24.0,-36.0,1
A,market_maker_as-desc,market_maker_as,behaviour,1,3,1.0,-33.0,-34.0,2
A,market_maker_as-desc,market_maker_as,behaviour,2,2,-128.0,-1.0,127.0,3
A,market_maker_as-desc,market_maker_as,behaviour,3,1,-12.0,-50.0,-38.0,2
A,market_maker_as-desc,market_maker_as,behaviour,4,0,38.0,-17.0,-55.0,1
A,market_maker_as-desc,market_maker_as,behaviour,5,3,21.0,-20.0,-41.0,1
A,market_maker_as-desc,market_maker_as,behaviour,6,2,32.0,6.0,-26.0,2
A,market_maker_as-desc,market_maker_as,behaviour,7,1,-31.0,-56.0,-25.0,2
A,market_maker_as-desc,market_maker_as,behaviour,8,0,99.0,89.0,-10.0,2
A,market_maker_as-desc,market_maker_as,behaviour,9,3,40.0,10.0,-30.0,2
A,market_maker_as-desc,market_maker_as,behaviour,10,2,7.0,-34.0,-41.0,1
A,market_maker_as-desc,market_maker_as,behaviour,11,1,16.0,27.0,11.0,3
A,market_maker_as-desc,market_maker_as,behaviour,12,0,29.0,-11.0,-40.0,2
A,market_maker_as-desc,market_maker_as,behaviour,13,3,-120.0,-21.0,99.0,3
A,market_maker_as-desc,market_maker_as,behaviour,14,2,-2.0,-20.0,-18.0,2
A,market_maker_as-desc,market_maker_as,behaviour,15,1,21.0,-18.0,-39.0,1
A,market_maker_as-desc,market_maker_as,behaviour,16,0,69.0,66.0,-3.0,5
A,market_maker_as-desc,market_maker_as,behaviour,17,3,-38.0,-49.0,-11.0,2
A,market_maker_as-desc,market_maker_as,behaviour,18,2,87.0,2.0,-85.0,2
A,market_maker_as-desc,market_maker_as,behaviour,19,1,7.0,-14.0,-21.0,2
A,market_maker_as-desc,market_maker_as,behaviour,20,0,-107.0,-5.0,102.0,1
A,market_maker_as-desc,market_maker_as,behaviour,21,3,-97.0,-54.0,43.0,3
A,market_maker_as-desc,market_maker_as,behaviour,22,2,7.0,8.0,1.0,4
A,market_maker_as-desc,market_maker_as,behaviour,23,1,39.0,8.0,-31.0,0
A,market_maker_as-desc,market_maker_as,behaviour,24,0,78.0,-43.0,-121.0,1
A,market_maker_as-desc,market_maker_as,behaviour,25,3,-35.0,-40.0,-5.0,3
A,market_maker_as-desc,market_maker_as,behaviour,26,2,11.0,90.0,79.0,4
A,market_maker_as-desc,market_maker_as,behaviour,27,1,11.0,-26.0,-37.0,2
A,market_maker_as-desc,market_maker_as,behaviour,28,0,9.0,7.0,-2.0,3
A,market_maker_as-desc,market_maker_as,behaviour,29,3,-34.0,-48.0,-14.0,2
A,market_maker_as-desc,market_maker_as,behaviour,30,2,172.0,156.0,-16.0,1
A,market_maker_as-desc,market_maker_as,behaviour,31,1,-84.0,-36.0,48.0,3
A,market_maker_as-desc,market_maker_as,behaviour,32,0,-1.0,-23.0,-22.0,3
A,market_maker_as-desc,market_maker_as,behaviour,33,3,15.0,-21.0,-36.0,1
A,market_maker_as-desc,market_maker_as,behaviour,34,2,61.0,-13.0,-74.0,1
A,market_maker_as-desc,market_maker_as,behaviour,35,1,37.0,-15.0,-52.0,1
A,market_maker_as-desc,market_maker_as,behaviour,36,0,0.0,92.0,92.0,3
A,market_maker_as-desc,market_maker_as,behaviour,37,3,64.0,45.0,-19.0,2
A,market_maker_as-desc,market_maker_as,behaviour,38,2,18.0,-34.0,-52.0,2
A,market_maker_as-desc,market_maker_as,behaviour,39,1,27.0,1.0,-26.0,3
B,neutral,neutral,none,0,0,-51.0,-95.0,-44.0,1
B,neutral,neutral,none,1,3,-103.0,-148.0,-45.0,2
B,neutral,neutral,none,2,2,-32.0,-95.0,-63.0,3
B,neutral,neutral,none,3,1,-167.0,-217.0,-50.0,2
B,neutral,neutral,none,4,0,124.0,125.0,1.0,1
B,neutral,neutral,none,5,3,-33.0,-75.0,-42.0,1
B,neutral,neutral,none,6,2,134.0,161.0,27.0,2
B,neutral,neutral,none,7,1,273.0,232.0,-41.0,2
B,neutral,neutral,none,8,0,-65.0,40.0,105.0,2
B,neutral,neutral,none,9,3,-164.0,-198.0,-34.0,2
B,neutral,neutral,none,10,2,-60.0,-135.0,-75.0,1
B,neutral,neutral,none,11,1,-116.0,-49.0,67.0,3
B,neutral,neutral,none,12,0,-276.0,-209.0,67.0,2
B,neutral,neutral,none,13,3,-86.0,-102.0,-16.0,3
B,neutral,neutral,none,14,2,-231.0,-156.0,75.0,2
B,neutral,neutral,none,15,1,-45.0,-109.0,-64.0,1
B,neutral,neutral,none,16,0,-36.0,58.0,94.0,5
B,neutral,neutral,none,17,3,-65.0,-68.0,-3.0,2
B,neutral,neutral,none,18,2,-64.0,16.0,80.0,2
B,neutral,neutral,none,19,1,-138.0,-169.0,-31.0,2
B,neutral,neutral,none,20,0,-18.0,-67.0,-49.0,1
B,neutral,neutral,none,21,3,-43.0,-103.0,-60.0,3
B,neutral,neutral,none,22,2,148.0,79.0,-69.0,4
B,neutral,neutral,none,23,1,-149.0,-8.0,141.0,0
B,neutral,neutral,none,24,0,42.0,101.0,59.0,1
B,neutral,neutral,none,25,3,86.0,42.0,-44.0,3
B,neutral,neutral,none,26,2,-39.0,91.0,130.0,4
B,neutral,neutral,none,27,1,-169.0,-183.0,-14.0,2
B,neutral,neutral,none,28,0,-107.0,-124.0,-17.0,3
B,neutral,neutral,none,29,3,-182.0,-128.0,54.0,2
B,neutral,neutral,none,30,2,-171.0,-54.0,117.0,1
B,neutral,neutral,none,31,1,-165.0,-34.0,131.0,3
B,neutral,neutral,none,32,0,-149.0,-152.0,-3.0,3
B,neutral,neutral,none,33,3,-294.0,-198.0,96.0,1
B,neutral,neutral,none,34,2,4.0,-56.0,-60.0,1
B,neutral,neutral,none,35,1,-215.0,-236.0,-21.0,1
B,neutral,neutral,none,36,0,4.0,83.0,79.0,3
B,neutral,neutral,none,37,3,-219.0,-151.0,68.0,2
B,neutral,neutral,none,38,2,-137.0,-16.0,121.0,2
B,neutral,neutral,none,39,1,-262.0,-311.0,-49.0,3
B,fundamentalist,fundamentalist,algorithm,0,0,-74.66666666666666,-118.66666666666666,-44.0,1
B,fundamentalist,fundamentalist,algorithm,1,3,6.0,-39.0,-45.0,2
B,fundamentalist,fundamentalist,algorithm,2,2,16.0,-47.0,-63.0,3
B,fundamentalist,fundamentalist,algorithm,3,1,230.0,180.0,-50.0,2
B,fundamentalist,fundamentalist,algorithm,4,0,-95.0,-94.0,1.0,1
B,fundamentalist,fundamentalist,algorithm,5,3,-134.0,-176.0,-42.0,1
B,fundamentalist,fundamentalist,algorithm,6,2,-132.0,-105.0,27.0,2
B,fundamentalist,fundamentalist,algorithm,7,1,-2.0,-43.0,-41.0,2
B,fundamentalist,fundamentalist,algorithm,8,0,-241.0,-136.0,105.0,2
B,fundamentalist,fundamentalist,algorithm,9,3,-100.0,-134.0,-34.0,2
B,fundamentalist,fundamentalist,algorithm,10,2,-260.0,-335.0,-75.0,1
B,fundamentalist,fundamentalist,algorithm,11,1,-330.0,-263.0,67.0,3
B,fundamentalist,fundamentalist,algorithm,12,0,-223.0,-156.0,67.0,2
B,fundamentalist,fundamentalist,algorithm,13,3,-36.0,-52.0,-16.0,3
B,fundamentalist,fundamentalist,algorithm,14,2,-239.0,-164.0,75.0,2
B,fundamentalist,fundamentalist,algorithm,15,1,19.0,-45.0,-64.0,1
B,fundamentalist,fundamentalist,algorithm,16,0,43.0,137.0,94.0,5
B,fundamentalist,fundamentalist,algorithm,17,3,-269.0,-272.0,-3.0,2
B,fundamentalist,fundamentalist,algorithm,18,2,-392.0,-312.0,80.0,2
B,fundamentalist,fundamentalist,algorithm,19,1,-9.0,-40.0,-31.0,2
B,fundamentalist,fundamentalist,algorithm,20,0,-86.0,-135.0,-49.0,1
B,fundamentalist,fundamentalist,algorithm,21,3,-70.0,-130.0,-60.0,3
B,fundamentalist,fundamentalist,algorithm,22,2,-210.0,-279.0,-69.0,4
B,fundamentalist,fundamentalist,algorithm,23,1,-213.0,-72.0,141.0,0
B,fundamentalist,fundamentalist,algorithm,24,0,-258.0,-199.0,59.0,1
B,fundamentalist,fundamentalist,algorithm,25,3,232.0,188.0,-44.0,3
B,fundamentalist,fundamentalist,algorithm,26,2,-47.0,83.0,130.0,4
B,fundamentalist,fundamentalist,algorithm,27,1,-120.0,-134.0,-14.0,2
B,fundamentalist,fundamentalist,algorithm,28,0,-1.0,-18.0,-17.0,3
B,fundamentalist,fundamentalist,algorithm,29,3,-130.0,-76.0,54.0,2
B,fundamentalist,fundamentalist,algorithm,30,2,-251.0,-134.0,117.0,1
B,fundamentalist,fundamentalist,algorithm,31,1,56.0,187.0,131.0,3
B,fundamentalist,fundamentalist,algorithm,32,0,-37.0,-40.0,-3.0,3
B,fundamentalist,fundamentalist,algorithm,33,3,-328.0,-232.0,96.0,1
B,fundamentalist,fundamentalist,algorithm,34,2,-91.0,-151.0,-60.0,1
B,fundamentalist,fundamentalist,algorithm,35,1,83.0,62.0,-21.0,1
B,fundamentalist,fundamentalist,algorithm,36,0,-157.0,-78.0,79.0,3
B,fundamentalist,fundamentalist,algorithm,37,3,-125.0,-57.0,68.0,2
B,fundamentalist,fundamentalist,algorithm,38,2,-312.0,-191.0,121.0,2
B,fundamentalist,fundamentalist,algorithm,39,1,152.0,103.0,-49.0,3
B,fundamentalist-desc,fundamentalist,behaviour,0,0,92.0,48.0,-44.0,1
B,fundamentalist-desc,fundamentalist,behaviour,1,3,-70.0,-115.0,-45.0,2
B,fundamentalist-desc,fundamentalist,behaviour,2,2,19.0,-44.0,-63.0,3
B,fundamentalist-desc,fundamentalist,behaviour,3,1,70.0,20.0,-50.0,2
B,fundamentalist-desc,fundamentalist,behaviour,4,0,67.0,68.0,1.0,1
B,fundamentalist-desc,fundamentalist,behaviour,5,3,21.0,-21.0,-42.0,1
B,fundamentalist-desc,fundamentalist,behaviour,6,2,-221.66666666666666,-194.66666666666666,27.0,2
B,fundamentalist-desc,fundamentalist,behaviour,7,1,83.0,42.0,-41.0,2
B,fundamentalist-desc,fundamentalist,behaviour,8,0,-149.0,-44.0,105.0,2
B,fundamentalist-desc,fundamentalist,behaviour,9,3,-115.0,-149.0,-34.0,2
B,fundamentalist-desc,fundamentalist,behaviour,10,2,27.0,-48.0,-75.0,1
B,fundamentalist-desc,fundamentalist,behaviour,11,1,-54.0,13.0,67.0,3
B,fundamentalist-desc,fundamentalist,behaviour,12,0,-303.0,-236.0,67.0,2
B,fundamentalist-desc,fundamentalist,behaviour,13,3,-44.0,-60.0,-16.0,3
B,fundamentalist-desc,fundamentalist,behaviour,14,2,-29.0,46.0,75.0,2
B,fundamentalist-desc,fundamentalist,behaviour,15,1,-90.0,-154.0,-64.0,1
B,fundamentalist-desc,fundamentalist,behaviour,16,0,-123.0,-29.0,94.0,5
B,fundamentalist-desc,fundamentalist,behaviour,17,3,-93.0,-96.0,-3.0,2
B,fundamentalist-desc,fundamentalist,behaviour,18,2,-293.0,-213.0,80.0,2
B,fundamentalist-desc,fundamentalist,behaviour,19,1,-65.0,-96.0,-31.0,2
B,fundamentalist-desc,fundamentalist,behaviour,20,0,-131.0,-180.0,-49.0,1
B,fundamentalist-desc,fundamentalist,behaviour,21,3,-37.0,-97.0,-60.0,3
B,fundamentalist-desc,fundamentalist,behaviour,22,2,-207.0,-276.0,-69.0,4
B,fundamentalist-desc,fundamentalist,behaviour,23,1,-323.0,-182.0,141.0,0
B,fundamentalist-desc,fundamentalist,behaviour,24,0,-151.0,-92.0,59.0,1
B,fundamentalist-desc,fundamentalist,behaviour,25,3,56.0,12.0,-44.0,3
B,fundamentalist-desc,fundamentalist,behaviour,26,2,-214.0,-84.0,130.0,4
B,fundamentalist-desc,fundamentalist,behaviour,27,1,-35.0,-49.0,-14.0,2
B,fundamentalist-desc,fundamentalist,behaviour,28,0,-136.0,-153.0,-17.0,3
B,fundamentalist-desc,fundamentalist,behaviour,29,3,-27.0,27.0,54.0,2
B,fundamentalist-desc,fundamentalist,behaviour,30,2,-68.0,49.0,117.0,1
B,fundamentalist-desc,fundamentalist,behaviour,31,1,-130.0,1.0,131.0,3
B,fundamentalist-desc,fundamentalist,behaviour,32,0,37.0,34.0,-3.0,3
B,fundamentalist-desc,fundamentalist,behaviour,33,3,-318.0,-222.0,96.0,1
B,fundamentalist-desc,fundamentalist,behaviour,34,2,-99.0,-159.0,-60.0,1
B,fundamentalist-desc,fundamentalist,behaviour,35,1,-77.0,-98.0,-21.0,1
B,fundamentalist-desc,fundamentalist,behaviour,36,0,146.0,225.0,79.0,3
B,fundamentalist-desc,fundamentalist,behaviour,37,3,-207.0,-139.0,68.0,2
B,fundamentalist-desc,fundamentalist,behaviour,38,2,-174.0,-53.0,121.0,2
B,fundamentalist-desc,fundamentalist,behaviour,39,1,-72.0,-121.0,-49.0,3
B,bottom_feeder,bottom_feeder,algorithm,0,0,-137.0,-163.0,-26.0,1
B,bottom_feeder,bottom_feeder,algorithm,1,3,-280.0,-196.0,84.0,2
B,bottom_feeder,bottom_feeder,algorithm,2,2,139.0,176.0,37.0,3
B,bottom_feeder,bottom_feeder,algorithm,3,1,-88.0,-124.0,-36.0,2
B,bottom_feeder,bottom_feeder,algorithm,4,0,25.0,-5.0,-30.0,1
B,bottom_feeder,bottom_feeder,algorithm,5,3,-11.0,-87.0,-76.0,1
B,bottom_feeder,bottom_feeder,algorithm,6,2,-3.0,-26.0,-23.0,2
B,bottom_feeder,bottom_feeder,algorithm,7,1,72.0,46.0,-26.0,2
B,bottom_feeder,bottom_feeder,algorithm,8,0,115.0,87.0,-28.0,2
B,bottom_feeder,bottom_feeder,algorithm,9,3,-90.0,-125.0,-35.0,2
B,bottom_feeder,bottom_feeder,algorithm,10,2,-161.0,-186.0,-25.0,1
B,bottom_feeder,bottom_feeder,algorithm,11,1,-112.0,-140.0,-28.0,3
B,bottom_feeder,bottom_feeder,algorithm,12,0,-54.0,-92.0,-38.0,2
B,bottom_feeder,bottom_feeder,algorithm,13,3,81.0,42.0,-39.0,3
B,bottom_feeder,bottom_feeder,algorithm,14,2,-234.0,-263.0,-29.0,2
B,bottom_feeder,bottom_feeder,algorithm,15,1,52.0,-5.0,-57.0,1
B,bottom_feeder,bottom_feeder,algorithm,16,0,-43.0,59.0,102.0,5
B,bottom_feeder,bottom_feeder,algorithm,17,3,-14.0,-53.0,-39.0,2
B,bottom_feeder,bottom_feeder,algorithm,18,2,-60.0,-90.0,-30.0,2
B,bottom_feeder,bottom_feeder,algorithm,19,1,-194.0,-211.0,-17.0,2
B,bottom_feeder,bottom_feeder,algorithm,20,0,-68.0,-104.0,-36.0,1
B,bottom_feeder,bottom_feeder,algorithm,21,3,-138.0,-133.0,5.0,3
B,bottom_feeder,bottom_feeder,algorithm,22,2,-135.0,-91.0,44.0,4
B,bottom_feeder,bottom_feeder,algorithm,23,1,-115.0,-150.0,-35.0,0
B,bottom_feeder,bottom_feeder,algorithm,24,0,-103.0,-111.0,-8.0,1
B,bottom_feeder,bottom_feeder,algorithm,25,3,-127.33333333333331,-117.0,10.333333333333314,3
B,bottom_feeder,bottom_feeder,algorithm,26,2,-41.0,70.0,111.0,4
B,bottom_feeder,bottom_feeder,algorithm,27,1,1.0,-29.0,-30.0,2
B,bottom_feeder,bottom_feeder,algorithm,28,0,-41.0,-48.0,-7.0,3
B,bottom_feeder,bottom_feeder,algorithm,29,3,-68.0,-92.0,-24.0,2
B,bottom_feeder,bottom_feeder,algorithm,30,2,67.0,9.0,-58.0,1
B,bottom_feeder,bottom_feeder,algorithm,31,1,-33.0,-33.0,0.0,3
B,bottom_feeder,bottom_feeder,algorithm,32,0,-206.0,-121.0,85.0,3
B,bottom_feeder,bottom_feeder,algorithm,33,3,-10.0,-51.0,-41.0,1
B,bottom_feeder,bottom_feeder,algorithm,34,2,-13.0,-36.0,-23.0,1
B,bottom_feeder,bottom_feeder,algorithm,35,1,-47.0,-60.0,-13.0,1
B,bottom_feeder,bottom_feeder,algorithm,36,0,-4.0,-26.0,-22.0,3
B,bottom_feeder,bottom_feeder,algorithm,37,3,-50.0,-68.0,-18.0,2
B,bottom_feeder,bottom_feeder,algorithm,38,2,-164.0,-190.0,-26.0,2
B,bottom_feeder,bottom_feeder,algorithm,39,1,-159.0,-56.0,103.0,3
B,bottom_feeder-desc,bottom_feeder,behaviour,0,0,-56.0,-82.0,-26.0,1
B,bottom_feeder-desc,bottom_feeder,behaviour,1,3,-174.0,-90.0,84.0,2
B,bottom_feeder-desc,bottom_feeder,behaviour,2,2,2.0,39.0,37.0,3
B,bottom_feeder-desc,bottom_feeder,behaviour,3,1,-13.0,-49.0,-36.0,2
B,bottom_feeder-desc,bottom_feeder,behaviour,4,0,41.0,11.0,-30.0,1
B,bottom_feeder-desc,bottom_feeder,behaviour,5,3,-241.0,-317.0,-76.0,1
B,bottom_feeder-desc,bottom_feeder,behaviour,6,2,44.0,21.0,-23.0,2
B,bottom_feeder-desc,bottom_feeder,behaviour,7,1,-73.0,-99.0,-26.0,2
B,bottom_feeder-desc,bottom_feeder,behaviour,8,0,-8.0,-36.0,-28.0,2
B,bottom_feeder-desc,bottom_feeder,behaviour,9,3,4.0,-31.0,-35.0,2
B,bottom_feeder-desc,bottom_feeder,behaviour,10,2,-34.0,-59.0,-25.0,1
B,bottom_feeder-desc,bottom_feeder,behaviour,11,1,-137.0,-165.0,-28.0,3
B,bottom_feeder-desc,bottom_feeder,behaviour,12,0,-11.0,-49.0,-38.0,2
B,bottom_feeder-desc,bottom_feeder,behaviour,13,3,75.0,36.0,-39.0,3
B,bottom_feeder-desc,bottom_feeder,behaviour,14,2,-87.0,-116.0,-29.0,2
B,bottom_feeder-desc,bottom_feeder,behaviour,15,1,12.0,-45.0,-57.0,1
B,bottom_feeder-desc,bottom_feeder,behaviour,16,0,-104.0,-2.0,102.0,5
B,bottom_feeder-desc,bottom_feeder,behaviour,17,3,-92.0,-131.0,-39.0,2
B,bottom_feeder-desc,bottom_feeder,behaviour,18,2,7.0,-23.0,-30.0,2
B,bottom_feeder-desc,bottom_feeder,behaviour,19,1,-81.0,-98.0,-17.0,2
B,bottom_feeder-desc,bottom_feeder,behaviour,20,0,10.0,-26.0,-36.0,1
B,bottom_feeder-desc,bottom_feeder,behaviour,21,3,-49.0,-44.0,5.0,3
B,bottom_feeder-desc,bottom_feeder,behaviour,22,2,47.0,91.0,44.0,4
B,bottom_feeder-desc,bottom_feeder,behaviour,23,1,-7.0,-42.0,-35.0,0
B,bottom_feeder-desc,bottom_feeder,behaviour,24,0,-66.0,-74.0,-8.0,1
B,bottom_feeder-desc,bottom_feeder,behaviour,25,3,-8.333333333333314,2.0,10.333333333333314,3
B,bottom_feeder-desc,bottom_feeder,behaviour,26,2,-174.0,-63.0,111.0,4
B,bottom_feeder-desc,bottom_feeder,behaviour,27,1,77.0,47.0,-30.0,2
B,bottom_feeder-desc,bottom_feeder,behaviour,28,0,-336.0,-343.0,-7.0,3
B,bottom_feeder-desc,bottom_feeder,behaviour,29,3,-72.0,-96.0,-24.0,2
B,bottom_feeder-desc,bottom_feeder,behaviour,30,2,-20.0,-78.0,-58.0,1
B,bottom_feeder-desc,bottom_feeder,behaviour,31,1,-30.0,-30.0,0.0,3
B,bottom_feeder-desc,bottom_feeder,behaviour,32,0,-99.0,-14.0,85.0,3
B,bottom_feeder-desc,bottom_feeder,behaviour,33,3,1.0,-40.0,-41.0,1
B,bottom_feeder-desc,bottom_feeder,behaviour,34,2,-34.0,-57.0,-23.0,1
B,bottom_feeder-desc,bottom_feeder,behaviour,35,1,-3.0,-16.0,-13.0,1
B,bottom_feeder-desc,bottom_feeder,behaviour,36,0,-88.0,-110.0,-22.0,3
B,bottom_feeder-desc,bottom_feeder,behaviour,37,3,-28.0,-46.0,-18.0,2
B,bottom_feeder-desc,bottom_feeder,behaviour,38,2,-76.0,-102.0,-26.0,2
B,bottom_feeder-desc,bottom_feeder,behaviour,39,1,-153.0,-50.0,103.0,3
B,chartist,chartist,algorithm,0,0,56.0,3.0,-53.0,1
B,chartist,chartist,algorithm,1,3,156.0,45.0,-111.0,2
B,chartist,chartist,algorithm,2,2,-93.0,-53.0,40.0,3
B,chartist,chartist,algorithm,3,1,-103.0,-137.0,-34.0,2
B,chartist,chartist,algorithm,4,0,155.0,100.0,-55.0,1
B,chartist,chartist,algorithm,5,3,-24.0,-64.0,-40.0,1
B,chartist,chartist,algorithm,6,2,-24.0,-52.0,-28.0,2
B,chartist,chartist,algorithm,7,1,-28.0,-66.0,-38.0,2
B,chartist,chartist,algorithm,8,0,-66.0,-84.0,-18.0,2
B,chartist,chartist,algorithm,9,3,0.0,-49.0,-49.0,2
B,chartist,chartist,algorithm,10,2,-111.0,-154.0,-43.0,1
B,chartist,chartist,algorithm,11,1,-17.0,-31.0,-14.0,3
B,chartist,chartist,algorithm,12,0,113.0,69.0,-44.0,2
B,chartist,chartist,algorithm,13,3,-129.0,-99.0,30.0,3
B,chartist,chartist,algorithm,14,2,-139.0,-168.0,-29.0,2
B,chartist,chartist,algorithm,15,1,-59.0,-99.0,-40.0,1
B,chartist,chartist,algorithm,16,0,-133.0,-31.0,102.0,5
B,chartist,chartist,algorithm,17,3,-7.0,-34.0,-27.0,2
B,chartist,chartist,algorithm,18,2,88.0,58.0,-30.0,2
B,chartist,chartist,algorithm,19,1,-18.0,-260.0,-242.0,2
B,chartist,chartist,algorithm,20,0,-82.0,-125.0,-43.0,1
B,chartist,chartist,algorithm,21,3,-73.0,-93.0,-20.0,3
B,chartist,chartist,algorithm,22,2,-43.0,-53.0,-10.0,4
B,chartist,chartist,algorithm,23,1,5.0,-59.0,-64.0,0
B,chartist,chartist,algorithm,24,0,-53.0,-93.0,-40.0,1
B,chartist,chartist,algorithm,25,3,-15.333333333333314,-22.0,-6.666666666666686,3
B,chartist,chartist,algorithm,26,2,-77.0,33.0,110.0,4
B,chartist,chartist,algorithm,27,1,-149.0,-179.0,-30.0,2
B,chartist,chartist,algorithm,28,0,-47.0,-61.0,-14.0,3
B,chartist,chartist,algorithm,29,3,-44.0,-74.0,-30.0,2
B,chartist,chartist,algorithm,30,2,41.0,1.0,-40.0,1
B,chartist,chartist,algorithm,31,1,-180.0,-115.0,65.0,3
B,chartist,chartist,algorithm,32,0,-248.0,-191.0,57.0,3
B,chartist,chartist,algorithm,33,3,-117.0,-157.0,-40.0,1
B,chartist,chartist,algorithm,34,2,-108.0,-150.0,-42.0,1
B,chartist,chartist,algorithm,35,1,-91.0,-113.0,-22.0,1
B,chartist,chartist,algorithm,36,0,121.0,102.0,-19.0,3
B,chartist,chartist,algorithm,37,3,-282.0,-312.0,-30.0,2
B,chartist,chartist,algorithm,38,2,-155.0,-191.0,-36.0,2
B,chartist,chartist,algorithm,39,1,-106.0,-64.0,42.0,3
B,chartist-desc,chartist,behaviour,0,0,-30.0,-83.0,-53.0,1
B,chartist-desc,chartist,behaviour,1,3,85.0,-26.0,-111.0,2
B,chartist-desc,chartist,behaviour,2,2,-14.0,26.0,40.0,3
B,chartist-desc,chartist,behaviour,3,1,-11.0,-45.0,-34.0,2
B,chartist-desc,chartist,behaviour,4,0,-109.0,-164.0,-55.0,1
B,chartist-desc,chartist,behaviour,5,3,-170.0,-210.0,-40.0,1
B,chartist-desc,chartist,behaviour,6,2,-241.0,-269.0,-28.0,2
B,chartist-desc,chartist,behaviour,7,1,-64.0,-102.0,-38.0,2
B,chartist-desc,chartist,behaviour,8,0,154.0,136.0,-18.0,2
B,chartist-desc,chartist,behaviour,9,3,-267.0,-316.0,-49.0,2
B,chartist-desc,chartist,behaviour,10,2,-203.0,-246.0,-43.0,1
B,chartist-desc,chartist,behaviour,11,1,-2.0,-16.0,-14.0,3
B,chartist-desc,chartist,behaviour,12,0,-1.0,-45.0,-44.0,2
B,chartist-desc,chartist,behaviour,13,3,-21.0,9.0,30.0,3
B,chartist-desc,chartist,behaviour,14,2,-225.0,-254.0,-29.0,2
B,chartist-desc,chartist,behaviour,15,1,75.0,35.0,-40.0,1
B,chartist-desc,chartist,behaviour,16,0,-184.0,-82.0,102.0,5
B,chartist-desc,chartist,behaviour,17,3,-87.0,-114.0,-27.0,2
B,chartist-desc,chartist,behaviour,18,2,-88.0,-118.0,-30.0,2
B,chartist-desc,chartist,behaviour,19,1,162.0,-80.0,-242.0,2
B,chartist-desc,chartist,behaviour,20,0,-233.0,-276.0,-43.0,1
B,chartist-desc,chartist,behaviour,21,3,-47.0,-67.0,-20.0,3
B,chartist-desc,chartist,behaviour,22,2,-71.0,-81.0,-10.0,4
B,chartist-desc,chartist,behaviour,23,1,-49.0,-113.0,-64.0,0
B,chartist-desc,chartist,behaviour,24,0,-102.0,-142.0,-40.0,1
B,chartist-desc,chartist,behaviour,25,3,-202.33333333333331,-209.0,-6.666666666666686,3
B,chartist-desc,chartist,behaviour,26,2,-45.0,65.0,110.0,4
B,chartist-desc,chartist,behaviour,27,1,9.0,-21.0,-30.0,2
B,chartist-desc,chartist,behaviour,28,0,-65.66666666666669,-79.66666666666669,-14.0,3
B,chartist-desc,chartist,behaviour,29,3,-54.0,-84.0,-30.0,2
B,chartist-desc,chartist,behaviour,30,2,-35.0,-75.0,-40.0,1
B,chartist-desc,chartist,behaviour,31,1,-174.0,-109.0,65.0,3
B,chartist-desc,chartist,behaviour,32,0,-7.0,50.0,57.0,3
B,chartist-desc,chartist,behaviour,33,3,85.0,45.0,-40.0,1
B,chartist-desc,chartist,behaviour,34,2,-105.0,-147.0,-42.0,1
B,chartist-desc,chartist,behaviour,35,1,57.0,35.0,-22.0,1
B,chartist-desc,chartist,behaviour,36,0,133.0,114.0,-19.0,3
B,chartist-desc,chartist,behaviour,37,3,-167.0,-197.0,-30.0,2
B,chartist-desc,chartist,behaviour,38,2,25.0,-11.0,-36.0,2
B,chartist-desc,chartist,behaviour,39,1,-8.0,34.0,42.0,3
B,noise,noise,algorithm,0,0,-135.0,-187.0,-52.0,1
B,noise,noise,algorithm,1,3,-160.0,-204.0,-44.0,2
B,noise,noise,algorithm,2,2,-192.0,-209.0,-17.0,3
B,noise,noise,algorithm,3,1,-91.0,-132.0,-41.0,2
B,noise,noise,algorithm,4,0,82.0,43.0,-39.0,1
B,noise,noise,algorithm,5,3,-50.0,-93.0,-43.0,1
B,noise,noise,algorithm,6,2,-67.0,-69.0,-2.0,2
B,noise,noise,algorithm,7,1,1.0,-41.0,-42.0,2
B,noise,noise,algorithm,8,0,338.0,316.0,-22.0,2
B,noise,noise,algorithm,9,3,26.0,-143.0,-169.0,2
B,noise,noise,algorithm,10,2,-125.0,-166.0,-41.0,1
B,noise,noise,algorithm,11,1,-72.0,-112.0,-40.0,3
B,noise,noise,algorithm,12,0,-164.0,-182.0,-18.0,2
B,noise,noise,algorithm,13,3,-224.0,-244.0,-20.0,3
B,noise,noise,algorithm,14,2,-81.0,-129.0,-48.0,2
B,noise,noise,algorithm,15,1,118.0,49.0,-69.0,1
B,noise,noise,algorithm,16,0,-32.0,-60.0,-28.0,5
B,noise,noise,algorithm,17,3,-148.0,-164.0,-16.0,2
B,noise,noise,algorithm,18,2,-172.0,-166.0,6.0,2
B,noise,noise,algorithm,19,1,-220.0,-236.0,-16.0,2
B,noise,noise,algorithm,20,0,-223.0,-251.0,-28.0,1
B,noise,noise,algorithm,21,3,-114.0,-113.0,1.0,3
B,noise,noise,algorithm,22,2,61.0,7.0,-54.0,4
B,noise,noise,algorithm,23,1,-76.0,-122.0,-46.0,0
B,noise,noise,algorithm,24,0,-37.0,-74.0,-37.0,1
B,noise,noise,algorithm,25,3,-30.0,-44.0,-14.0,3
B,noise,noise,algorithm,26,2,-184.0,-218.0,-34.0,4
B,noise,noise,algorithm,27,1,-202.0,-232.0,-30.0,2
B,noise,noise,algorithm,28,0,-160.0,-200.0,-40.0,3
B,noise,noise,algorithm,29,3,-70.0,-110.0,-40.0,2
B,noise,noise,algorithm,30,2,-44.0,-108.0,-64.0,1
B,noise,noise,algorithm,31,1,-116.0,-78.0,38.0,3
B,noise,noise,algorithm,32,0,-11.0,-5.0,6.0,3
B,noise,noise,algorithm,33,3,-96.0,-127.0,-31.0,1
B,noise,noise,algorithm,34,2,-101.0,-117.0,-16.0,1
B,noise,noise,algorithm,35,1,-232.0,-255.0,-23.0,1
B,noise,noise,algorithm,36,0,28.0,-23.0,-51.0,3
B,noise,noise,algorithm,37,3,-176.0,-233.0,-57.0,2
B,noise,noise,algorithm,38,2,-29.0,-117.0,-88.0,2
B,noise,noise,algorithm,39,1,137.0,106.0,-31.0,3
B,noise-desc,noise,behaviour,0,0,5.0,-47.0,-52.0,1
B,noise-desc,noise,behaviour,1,3,-24.0,-68.0,-44.0,2
B,noise-desc,noise,behaviour,2,2,-236.0,-253.0,-17.0,3
B,noise-desc,noise,behaviour,3,1,54.0,13.0,-41.0,2
B,noise-desc,noise,behaviour,4,0,-133.0,-172.0,-39.0,1
B,noise-desc,noise,behaviour,5,3,-94.0,-137.0,-43.0,1
B,noise-desc,noise,behaviour,6,2,-188.0,-190.0,-2.0,2
B,noise-desc,noise,behaviour,7,1,-62.0,-104.0,-42.0,2
B,noise-desc,noise,behaviour,8,0,62.0,40.0,-22.0,2
B,noise-desc,noise,behaviour,9,3,-125.0,-294.0,-169.0,2
B,noise-desc,noise,behaviour,10,2,-89.0,-130.0,-41.0,1
B,noise-desc,noise,behaviour,11,1,-222.0,-262.0,-40.0,3
B,noise-desc,noise,behaviour,12,0,-247.0,-265.0,-18.0,2
B,noise-desc,noise,behaviour,13,3,-94.0,-114.0,-20.0,3
B,noise-desc,noise,behaviour,14,2,-169.0,-217.0,-48.0,2
B,noise-desc,noise,behaviour,15,1,-114.0,-183.0,-69.0,1
B,noise-desc,noise,behaviour,16,0,70.0,42.0,-28.0,5
B,noise-desc,noise,behaviour,17,3,-15.0,-31.0,-16.0,2
B,noise-desc,noise,behaviour,18,2,-51.0,-45.0,6.0,2
B,noise-desc,noise,behaviour,19,1,-203.0,-219.0,-16.0,2
B,noise-desc,noise,behaviour,20,0,40.0,12.0,-28.0,1
B,noise-desc,noise,behaviour,21,3,-137.0,-136.0,1.0,3
B,noise-desc,noise,behaviour,22,2,-136.0,-190.0,-54.0,4
B,noise-desc,noise,behaviour,23,1,-6.0,-52.0,-46.0,0
B,noise-desc,noise,behaviour,24,0,-67.0,-104.0,-37.0,1
B,noise-desc,noise,behaviour,25,3,-139.0,-153.0,-14.0,3
B,noise-desc,noise,behaviour,26,2,-84.0,-118.0,-34.0,4
B,noise-desc,noise,behaviour,27,1,-55.0,-85.0,-30.0,2
B,noise-desc,noise,behaviour,28,0,-23.0,-63.0,-40.0,3
B,noise-desc,noise,behaviour,29,3,-84.0,-124.0,-40.0,2
B,noise-desc,noise,behaviour,30,2,10.0,-54.0,-64.0,1
B,noise-desc,noise,behaviour,31,1,-63.0,-25.0,38.0,3
B,noise-desc,noise,behaviour,32,0,-141.0,-135.0,6.0,3
B,noise-desc,noise,behaviour,33,3,-130.0,-161.0,-31.0,1
B,noise-desc,noise,behaviour,34,2,-145.0,-161.0,-16.0,1
B,noise-desc,noise,behaviour,35,1,-124.0,-147.0,-23.0,1
B,noise-desc,noise,behaviour,36,0,33.0,-18.0,-51.0,3
B,noise-desc,noise,behaviour,37,3,-109.0,-166.0,-57.0,2
B,noise-desc,noise,behaviour,38,2,44.0,-44.0,-88.0,2
B,noise-desc,noise,behaviour,39,1,96.0,65.0,-31.0,3
B,market_maker_gm,market_maker_gm,algorithm,0,0,-97.0,-111.0,-14.0,1
B,market_maker_gm,market_maker_gm,algorithm,1,3,8.0,-21.0,-29.0,2
B,market_maker_gm,market_maker_gm,algorithm,2,2,-69.0,-91.0,-22.0,3
B,market_maker_gm,market_maker_gm,algorithm,3,1,27.0,12.0,-15.0,2
B,market_maker_gm,market_maker_gm,algorithm,4,0,-55.0,-76.0,-21.0,1
B,market_maker_gm,market_maker_gm,algorithm,5,3,-118.0,-158.0,-40.0,1
B,market_maker_gm,market_maker_gm,algorithm,6,2,135.0,122.0,-13.0,2
B,market_maker_gm,market_maker_gm,algorithm,7,1,-49.0,-69.0,-20.0,2
B,market_maker_gm,market_maker_gm,algorithm,8,0,-62.0,59.0,121.0,2
B,market_maker_gm,market_maker_gm,algorithm,9,3,-32.0,-60.0,-28.0,2
B,market_maker_gm,market_maker_gm,algorithm,10,2,18.0,-25.0,-43.0,1
B,market_maker_gm,market_maker_gm,algorithm,11,1,-122.0,-126.0,-4.0,3
B,market_maker_gm,market_maker_gm,algorithm,12,0,35.0,35.0,0.0,2
B,market_maker_gm,market_maker_gm,algorithm,13,3,69.0,56.0,-13.0,3
B,market_maker_gm,market_maker_gm,algorithm,14,2,68.0,63.0,-5.0,2
B,market_maker_gm,market_maker_gm,algorithm,15,1,-139.0,-166.0,-27.0,1
B,market_maker_gm,market_maker_gm,algorithm,16,0,11.0,132.0,121.0,5
B,market_maker_gm,market_maker_gm,algorithm,17,3,-2.0,-24.0,-22.0,2
B,market_maker_gm,market_maker_gm,algorithm,18,2,14.0,-6.0,-20.0,2
B,market_maker_gm,market_maker_gm,algorithm,19,1,-114.0,-133.0,-19.0,2
B,market_maker_gm,market_maker_gm,algorithm,20,0,-122.0,-150.0,-28.0,1
B,market_maker_gm,market_maker_gm,algorithm,21,3,-31.0,-58.0,-27.0,3
B,market_maker_gm,market_maker_gm,algorithm,22,2,-126.0,-143.0,-17.0,4
B,market_maker_gm,market_maker_gm,algorithm,23,1,-32.0,-57.0,-25.0,0
B,market_maker_gm,market_maker_gm,algorithm,24,0,-72.0,-94.0,-22.0,1
B,market_maker_gm,market_maker_gm,algorithm,25,3,-15.0,-20.0,-5.0,3
B,market_maker_gm,market_maker_gm,algorithm,26,2,-49.0,63.0,112.0,4
B,market_maker_gm,market_maker_gm,algorithm,27,1,-89.0,-113.0,-24.0,2
B,market_maker_gm,market_maker_gm,algorithm,28,0,-61.0,-70.0,-9.0,3
B,market_maker_gm,market_maker_gm,algorithm,29,3,-85.0,-95.0,-10.0,2
B,market_maker_gm,market_maker_gm,algorithm,30,2,-33.0,-47.0,-14.0,1
B,market_maker_gm,market_maker_gm,algorithm,31,1,6.0,76.0,70.0,3
B,market_maker_gm,market_maker_gm,algorithm,32,0,-138.0,-141.0,-3.0,3
B,market_maker_gm,market_maker_gm,algorithm,33,3,-119.0,-134.0,-15.0,1
B,market_maker_gm,market_maker_gm,algorithm,34,2,-123.0,-174.0,-51.0,1
B,market_maker_gm,market_maker_gm,algorithm,35,1,-142.0,-173.0,-31.0,1
B,market_maker_gm,market_maker_gm,algorithm,36,0,-88.0,-116.0,-28.0,3
B,market_maker_gm,market_maker_gm,algorithm,37,3,-112.0,-126.0,-14.0,2
B,market_maker_gm,market_maker_gm,algorithm,38,2,-62.0,-72.0,-10.0,2
B,market_maker_gm,market_maker_gm,algorithm,39,1,-61.0,-84.0,-23.0,3
B,market_maker_gm-desc,market_maker_gm,behaviour,0,0,108.0,94.0,-14.0,1
B,market_maker_gm-desc,market_maker_gm,behaviour,1,3,-74.0,-103.0,-29.0,2
B,market_maker_gm-desc,market_maker_gm,behaviour,2,2,-83.0,-105.0,-22.0,3
B,market_maker_gm-desc,market_maker_gm,behaviour,3,1,-203.0,-218.0,-15.0,2
B,market_maker_gm-desc,market_maker_gm,behaviour,4,0,-70.0,-91.0,-21.0,1
B,market_maker_gm-desc,market_maker_gm,behaviour,5,3,88.0,48.0,-40.0,1
B,market_maker_gm-desc,market_maker_gm,behaviour,6,2,-56.0,-69.0,-13.0,2
B,market_maker_gm-desc,market_maker_gm,behaviour,7,1,153.0,133.0,-20.0,2
B,market_maker_gm-desc,market_maker_gm,behaviour,8,0,-182.0,-61.0,121.0,2
B,market_maker_gm-desc,market_maker_gm,behaviour,9,3,-160.0,-188.0,-28.0,2
B,market_maker_gm-desc,market_maker_gm,behaviour,10,2,-35.0,-78.0,-43.0,1
B,market_maker_gm-desc,market_maker_gm,behaviour,11,1,-21.0,-25.0,-4.0,3
B,market_maker_gm-desc,market_maker_gm,behaviour,12,0,-5.0,-5.0,0.0,2
B,market_maker_gm-desc,market_maker_gm,behaviour,13,3,28.0,15.0,-13.0,3
B,market_maker_gm-desc,market_maker_gm,behaviour,14,2,21.0,16.0,-5.0,2
B,market_maker_gm-desc,market_maker_gm,behaviour,15,1,-21.0,-48.0,-27.0,1
B,market_maker_gm-desc,market_maker_gm,behaviour,16,0,-97.0,24.0,121.0,5
B,market_maker_gm-desc,market_maker_gm,behaviour,17,3,-75.0,-97.0,-22.0,2
B,market_maker_gm-desc,market_maker_gm,behaviour,18,2,-35.0,-55.0,-20.0,2
B,market_maker_gm-desc,market_maker_gm,behaviour,19,1,-76.0,-95.0,-19.0,2
B,market_maker_gm-desc,market_maker_gm,behaviour,20,0,8.0,-20.0,-28.0,1
B,market_maker_gm-desc,market_maker_gm,behaviour,21,3,-3.0,-30.0,-27.0,3
B,market_maker_gm-desc,market_maker_gm,behaviour,22,2,-31.0,-48.0,-17.0,4
B,market_maker_gm-desc,market_maker_gm,behaviour,23,1,0.0,-25.0,-25.0,0
B,market_maker_gm-desc,market_maker_gm,behaviour,24,0,-61.0,-83.0,-22.0,1
B,market_maker_gm-desc,market_maker_gm,behaviour,25,3,53.0,48.0,-5.0,3
B,market_maker_gm-desc,market_maker_gm,behaviour,26,2,-195.0,-83.0,112.0,4
B,market_maker_gm-desc,market_maker_gm,behaviour,27,1,-197.0,-221.0,-24.0,2
B,market_maker_gm-desc,market_maker_gm,behaviour,28,0,-93.0,-102.0,-9.0,3
B,market_maker_gm-desc,market_maker_gm,behaviour,29,3,59.0,49.0,-10.0,2
B,market_maker_gm-desc,market_maker_gm,behaviour,30,2,-98.0,-112.0,-14.0,1
B,market_maker_gm-desc,market_maker_gm,behaviour,31,1,-121.0,-51.0,70.0,3
B,market_maker_gm-desc,market_maker_gm,behaviour,32,0,-88.0,-91.0,-3.0,3
B,market_maker_gm-desc,market_maker_gm,behaviour,33,3,-95.0,-110.0,-15.0,1
B,market_maker_gm-desc,market_maker_gm,behaviour,34,2,-44.0,-95.0,-51.0,1
B,market_maker_gm-desc,market_maker_gm,behaviour,35,1,-3.0,-34.0,-31.0,1
B,market_maker_gm-desc,market_maker_gm,behaviour,36,0,-51.0,-79.0,-28.0,3
B,market_maker_gm-desc,market_maker_gm,behaviour,37,3,-92.0,-106.0,-14.0,2
B,market_maker_gm-desc,market_maker_gm,behaviour,38,2,-103.0,-113.0,-10.0,2
B,market_maker_gm-desc,market_maker_gm,behaviour,39,1,-78.0,-101.0,-23.0,3
B,market_maker_as,market_maker_as,algorithm,0,0,-15.0,-82.0,-67.0,1
B,market_maker_as,market_maker_as,algorithm,1,3,-42.0,-81.0,-39.0,2
B,market_maker_as,market_maker_as,algorithm,2,2,-172.0,-65.0,107.0,3
B,market_maker_as,market_maker_as,algorithm,3,1,21.0,-29.0,-50.0,2
B,market_maker_as,market_maker_as,algorithm,4,0,-82.0,40.0,122.0,1
B,market_maker_as,market_maker_as,algorithm,5,3,134.0,-59.0,-193.0,1
B,market_maker_as,market_maker_as,algorithm,6,2,52.0,36.0,-16.0,2
B,market_maker_as,market_maker_as,algorithm,7,1,8.0,-74.0,-82.0,2
B,market_maker_as,market_maker_as,algorithm,8,0,-3.0,-29.0,-26.0,2
B,market_maker_as,market_maker_as,algorithm,9,3,30.0,-49.0,-79.0,2
B,market_maker_as,market_maker_as,algorithm,10,2,-117.0,-141.0,-24.0,1
B,market_maker_as,market_maker_as,algorithm,11,1,-44.0,-57.0,-13.0,3
B,market_maker_as,market_maker_as,algorithm,12,0,-34.0,-52.0,-18.0,2
B,market_maker_as,market_maker_as,algorithm,13,3,-25.0,-80.0,-55.0,3
B,market_maker_as,market_maker_as,algorithm,14,2,-73.0,-137.0,-64.0,2
B,market_maker_as,market_maker_as,algorithm,15,1,93.0,-6.0,-99.0,1
B,market_maker_as,market_maker_as,algorithm,16,0,-181.0,-108.0,73.0,5
B,market_maker_as,market_maker_as,algorithm,17,3,72.0,-18.0,-90.0,2
B,market_maker_as,market_maker_as,algorithm,18,2,149.0,94.0,-55.0,2
B,market_maker_as,market_maker_as,algorithm,19,1,57.0,29.0,-28.0,2
B,market_maker_as,market_maker_as,algorithm,20,0,34.0,-22.0,-56.0,1
B,market_maker_as,market_maker_as,algorithm,21,3,-70.0,-98.0,-28.0,3
B,market_maker_as,market_maker_as,algorithm,22,2,72.0,28.0,-44.0,4
B,market_maker_as,market_maker_as,algorithm,23,1,78.0,45.0,-33.0,0
B,market_maker_as,market_maker_as,algorithm,24,0,-89.0,-152.0,-63.0,1
B,market_maker_as,market_maker_as,algorithm,25,3,-196.0,-108.0,88.0,3
B,market_maker_as,market_maker_as,algorithm,26,2,-281.0,-174.0,107.0,4
B,market_maker_as,market_maker_as,algorithm,27,1,91.0,-37.0,-128.0,2
B,market_maker_as,market_maker_as,algorithm,28,0,114.0,83.0,-31.0,3
B,market_maker_as,market_maker_as,algorithm,29,3,90.0,-8.0,-98.0,2
B,market_maker_as,market_maker_as,algorithm,30,2,20.0,-37.0,-57.0,1
B,market_maker_as,market_maker_as,algorithm,31,1,95.0,69.0,-26.0,3
B,market_maker_as,market_maker_as,algorithm,32,0,177.0,136.0,-41.0,3
B,market_maker_as,market_maker_as,algorithm,33,3,-40.0,-95.0,-55.0,1
B,market_maker_as,market_maker_as,algorithm,34,2,4.0,-101.0,-105.0,1
B,market_maker_as,market_maker_as,algorithm,35,1,-56.0,-109.0,-53.0,1
B,market_maker_as,market_maker_as,algorithm,36,0,-91.0,-101.0,-10.0,3
B,market_maker_as,market_maker_as,algorithm,37,3,-75.0,-118.0,-43.0,2
B,market_maker_as,market_maker_as,algorithm,38,2,-53.0,-126.0,-73.0,2
B,market_maker_as,market_maker_as,algorithm,39,1,76.0,-28.0,-104.0,3
B,market_maker_as-desc,market_maker_as,behaviour,0,0,-91.0,-158.0,-67.0,1
B,market_maker_as-desc,market_maker_as,behaviour,1,3,-41.0,-80.0,-39.0,2
B,market_maker_as-desc,market_maker_as,behaviour,2,2,-255.0,-148.0,107.0,3
B,market_maker_as-desc,market_maker_as,behaviour,3,1,139.0,89.0,-50.0,2
B,market_maker_as-desc,market_maker_as,behaviour,4,0,-188.0,-66.0,122.0,1
B,market_maker_as-desc,market_maker_as,behaviour,5,3,99.0,-94.0,-193.0,1
B,market_maker_as-desc,market_maker_as,behaviour,6,2,-83.0,-99.0,-16.0,2
B,market_maker_as-desc,market_maker_as,behaviour,7,1,169.0,87.0,-82.0,2
B,market_maker_as-desc,market_maker_as,behaviour,8,0,20.0,-6.0,-26.0,2
B,market_maker_as-desc,market_maker_as,behaviour,9,3,48.0,-31.0,-79.0,2
B,market_maker_as-desc,market_maker_as,behaviour,10,2,-35.0,-59.0,-24.0,1
B,market_maker_as-desc,market_maker_as,behaviour,11,1,-14.0,-27.0,-13.0,3
B,market_maker_as-desc,market_maker_as,behaviour,12,0,12.0,-6.0,-18.0,2
B,market_maker_as-desc,market_maker_as,behaviour,13,3,-20.0,-75.0,-55.0,3
B,market_maker_as-desc,market_maker_as,behaviour,14,2,107.0,43.0,-64.0,2
B,market_maker_as-desc,market_maker_as,behaviour,15,1,3.0,-96.0,-99.0,1
B,market_maker_as-desc,market_maker_as,behaviour,16,0,6.0,79.0,73.0,5
B,market_maker_as-desc,market_maker_as,behaviour,17,3,-163.0,-253.0,-90.0,2
B,market_maker_as-desc,market_maker_as,behaviour,18,2,85.0,30.0,-55.0,2
B,market_maker_as-desc,market_maker_as,behaviour,19,1,-100.0,-128.0,-28.0,2
B,market_maker_as-desc,market_maker_as,behaviour,20,0,-26.0,-82.0,-56.0,1
B,market_maker_as-desc,market_maker_as,behaviour,21,3,-60.0,-88.0,-28.0,3
B,market_maker_as-desc,market_maker_as,behaviour,22,2,40.0,-4.0,-44.0,4
B,market_maker_as-desc,market_maker_as,behaviour,23,1,115.0,82.0,-33.0,0
B,market_maker_as-desc,market_maker_as,behaviour,24,0,55.0,-8.0,-63.0,1
B,market_maker_as-desc,market_maker_as,behaviour,25,3,-147.0,-59.0,88.0,3
B,market_maker_as-desc,market_maker_as,behaviour,26,2,-30.0,77.0,107.0,4
B,market_maker_as-desc,market_maker_as,behaviour,27,1,125.0,-3.0,-128.0,2
B,market_maker_as-desc,market_maker_as,behaviour,28,0,-61.0,-92.0,-31.0,3
B,market_maker_as-desc,market_maker_as,behaviour,29,3,68.0,-30.0,-98.0,2
B,market_maker_as-desc,market_maker_as,behaviour,30,2,58.0,1.0,-57.0,1
B,market_maker_as-desc,market_maker_as,behaviour,31,1,-35.0,-61.0,-26.0,3
B,market_maker_as-desc,market_maker_as,behaviour,32,0,44.0,3.0,-41.0,3
B,market_maker_as-desc,market_maker_as,behaviour,33,3,1.0,-54.0,-55.0,1
B,market_maker_as-desc,market_maker_as,behaviour,34,2,-27.0,-132.0,-105.0,1
B,market_maker_as-desc,market_maker_as,behaviour,35,1,-49.0,-102.0,-53.0,1
B,market_maker_as-desc,market_maker_as,behaviour,36,0,-31.0,-41.0,-10.0,3
B,market_maker_as-desc,market_maker_as,behaviour,37,3,130.0,87.0,-43.0,2
B,market_maker_as-desc,market_maker_as,behaviour,38,2,44.0,-29.0,-73.0,2
B,market_maker_as-desc,market_maker_as,behaviour,39,1,94.0,-10.0,-104.0,3
